{"eval_loss": 0.9923937916755676, "eval_model_preparation_time": 0.0025, "eval_accuracy": 0.7074999809265137, "eval_runtime": 1.5471, "eval_samples_per_second": 517.096, "eval_steps_per_second": 64.637}