{"eval_loss": 0.3765375018119812, "eval_model_preparation_time": 0.0049, "eval_accuracy": 0.8722820281982422, "eval_runtime": 19.2286, "eval_samples_per_second": 511.843, "eval_steps_per_second": 64.019}