{"eval_loss": 0.8093296885490417, "eval_model_preparation_time": 0.0024, "eval_accuracy": 0.7697025537490845, "eval_runtime": 6.7784, "eval_samples_per_second": 481.085, "eval_steps_per_second": 60.191}