{"eval_loss": 1.3134394884109497, "eval_model_preparation_time": 0.0104, "eval_accuracy": 0.6800000071525574, "eval_runtime": 3.0471, "eval_samples_per_second": 262.547, "eval_steps_per_second": 32.818}