{"eval_loss": 0.6199789643287659, "eval_model_preparation_time": 0.0055, "eval_accuracy": 0.8179231882095337, "eval_runtime": 18.9649, "eval_samples_per_second": 518.958, "eval_steps_per_second": 64.909}